<?xml version="1.0" encoding="UTF-8"?>
<custom_template>
<icon>Model_Driven_Conceptual_Design_Icon.gif</icon>
<iconLabel>Model-Driven Conceptual Design</iconLabel>
<perspective>System Engineer</perspective>
<tooltip>Model-Driven Conceptual Design</tooltip>
<banner_title>Model-Driven Conceptual Design</banner_title>
<banner_description>Create concepts for new products or services using SysML, BPMN and UML. This project provides a set of stereotypes for creating concepts. At a minimum, this project type requires the following plug-ins: SysML plug-in, Cameo Requirement Modeler, Simulation plug-in.</banner_description>
<category>CATEGORY_ID_GENERAL_PURPOSE_MODELING</category>
<banner_icon>new_project_guide_to_uml_diagrams.png</banner_icon>
<requiredPlugin>com.nomagic.requirements</requiredPlugin>
<requiredPlugin>com.nomagic.magicdraw.plugins.impl.sysml</requiredPlugin>
<requiredPlugin>SimulationToolkit</requiredPlugin>
<cloneModules/>
</custom_template>